<?xml version="1.0" encoding="utf-8"?><feed xmlns="http://www.w3.org/2005/Atom" ><generator uri="https://jekyllrb.com/" version="3.9.0">Jekyll</generator><link href="http://localhost:4000/students/oppcell/feed.xml" rel="self" type="application/atom+xml" /><link href="http://localhost:4000/students/oppcell/" rel="alternate" type="text/html" /><updated>2020-09-29T14:57:25+05:30</updated><id>http://localhost:4000/students/oppcell/feed.xml</id><title type="html">IISER Mohali Opportunity Cell</title><subtitle>Opportunity Cell</subtitle></feed>